psd_segid,BBOX_bx,BBOX_by,BBOX_bz,BBOX_ex,BBOX_ey,BBOX_ez,postsyn_sz,postsyn_wt,postsyn_x,postsyn_y,postsyn_z,presyn_sz,presyn_wt,presyn_x,presyn_y,presyn_z,size,postsyn_segid,presyn_segid,psd_x,psd_y,psd_z
867260.0,50096.0,22794.0,17888.0,50152.0,22834.0,17896.0,359393.0,0.57962674,50067.0,22803.0,17889.0,120695.0,0.8102254,50171.0,22794.0,17891.0,2493.0,77154.0,77625.0,50124.0,22809.0,17891.0
956295.0,51194.0,24714.0,17525.0,51187.0,24688.0,17524.0,4834.0,0.16235922,51197.0,24689.0,17520.0,71209.0,0.6009795,51137.0,24788.0,17525.0,1592.0,77797.0,77625.0,51200.0,24712.0,17525.0
972263.0,51194.0,28282.0,17309.0,51188.0,28254.0,17307.0,4233.0,0.16211903,51194.0,28324.0,17306.0,742822.0,0.32748398,51122.0,28277.0,17311.0,1642.0,78653.0,77625.0,51200.0,28264.0,17310.0
1.032673e6,51229.0,26542.0,17255.0,51257.0,26558.0,17261.0,164756.0,0.31673178,51238.0,26545.0,17260.0,478030.0,0.35166582,51244.0,26557.0,17256.0,360.0,7.9404326e8,77625.0,51240.0,26549.0,17257.0
1.040822e6,52217.0,27117.0,17264.0,52194.0,27093.0,17262.0,6220.0,0.7830761,52213.0,27145.0,17267.0,730108.0,0.3184466,52080.0,27198.0,17273.0,2627.0,8.3375936e8,77625.0,52224.0,27093.0,17262.0
1.04944e6,51845.0,29702.0,17510.0,51813.0,29691.0,17510.0,98624.0,0.16630028,51845.0,29798.0,17519.0,355608.0,0.8467334,51862.0,29812.0,17506.0,827.0,76623.0,77625.0,51858.0,29696.0,17510.0
1.049506e6,51843.0,29714.0,17502.0,51817.0,29693.0,17498.0,7070.0,0.33723813,51816.0,29748.0,17499.0,445366.0,0.7402433,51863.0,29756.0,17503.0,3354.0,8.3874e8,77625.0,51840.0,29696.0,17503.0
