psd_segid,BBOX_bx,BBOX_by,BBOX_bz,BBOX_ex,BBOX_ey,BBOX_ez,psd_x,psd_y,psd_z,postsyn_segid,postsyn_sz,postsyn_wt,postsyn_x,postsyn_y,postsyn_z,presyn_segid,presyn_sz,presyn_wt,presyn_x,presyn_y,presyn_z,size
867260,250480,113970,804960,250760,114170,805320,250620,114045,805095,77154,359393,0.5796267508688261,250335,114015,805005,77625,120695,0.8102254132316997,250855,113970,805095,2493
1209757,266870,164000,793305,267130,164280,793710,266975,164115,793440,77156,204133,0.5420902058951762,267055,164255,793260,77625,282533,0.9018353884767444,266715,163860,793350,3403
1210329,267510,164730,792855,267605,164940,793125,267560,164825,792945,77156,245202,0.6946512148657026,267285,164550,793350,77625,150946,0.8729034565755304,267350,164460,792720,778
